file,line,type,commit,author,date,time,timezone,datetime,depth,length
static\style.css,1,css,5d2bbddb,KaikyBraga,2025-03-20,12:53:37,-03:00,2025-03-20T12:53:37-03:00,0,5
static\style.css,2,css,6282f6d3,KaikyBraga,2025-03-27,12:42:52,-03:00,2025-03-27T12:42:52-03:00,2,31
static\style.css,3,css,6282f6d3,KaikyBraga,2025-03-27,12:42:52,-03:00,2025-03-27T12:42:52-03:00,2,31
static\style.css,4,css,6282f6d3,KaikyBraga,2025-03-27,12:42:52,-03:00,2025-03-27T12:42:52-03:00,0,32
static\style.css,5,css,6282f6d3,KaikyBraga,2025-03-27,12:42:52,-03:00,2025-03-27T12:42:52-03:00,0,47
static\style.css,6,css,5d2bbddb,KaikyBraga,2025-03-20,12:53:37,-03:00,2025-03-20T12:53:37-03:00,0,0
static\style.css,7,css,5d2bbddb,KaikyBraga,2025-03-20,12:53:37,-03:00,2025-03-20T12:53:37-03:00,0,0
static\style.css,8,css,6282f6d3,KaikyBraga,2025-03-27,12:42:52,-03:00,2025-03-27T12:42:52-03:00,0,3
static\style.css,9,css,6282f6d3,KaikyBraga,2025-03-27,12:42:52,-03:00,2025-03-27T12:42:52-03:00,0,23
static\style.css,10,css,6282f6d3,KaikyBraga,2025-03-27,12:42:52,-03:00,2025-03-27T12:42:52-03:00,0,0
static\style.css,11,css,5d2bbddb,KaikyBraga,2025-03-20,12:53:37,-03:00,2025-03-20T12:53:37-03:00,0,4
static\style.css,12,css,6282f6d3,KaikyBraga,2025-03-27,12:42:52,-03:00,2025-03-27T12:42:52-03:00,2,40
static\style.css,13,css,6282f6d3,KaikyBraga,2025-03-27,12:42:52,-03:00,2025-03-27T12:42:52-03:00,2,28
static\style.css,14,css,6282f6d3,KaikyBraga,2025-03-27,12:42:52,-03:00,2025-03-27T12:42:52-03:00,2,31
static\style.css,15,css,6282f6d3,KaikyBraga,2025-03-27,12:42:52,-03:00,2025-03-27T12:42:52-03:00,0,24
static\style.css,16,css,6282f6d3,KaikyBraga,2025-03-27,12:42:52,-03:00,2025-03-27T12:42:52-03:00,0,0
static\style.css,17,css,6282f6d3,KaikyBraga,2025-03-27,12:42:52,-03:00,2025-03-27T12:42:52-03:00,0,0
static\style.css,18,css,6282f6d3,KaikyBraga,2025-03-27,12:42:52,-03:00,2025-03-27T12:42:52-03:00,0,5
static\style.css,19,css,6282f6d3,KaikyBraga,2025-03-27,12:42:52,-03:00,2025-03-27T12:42:52-03:00,0,6
static\style.css,20,css,6282f6d3,KaikyBraga,2025-03-27,12:42:52,-03:00,2025-03-27T12:42:52-03:00,0,31
static\style.css,21,css,5d2bbddb,KaikyBraga,2025-03-20,12:53:37,-03:00,2025-03-20T12:53:37-03:00,0,0
static\style.css,22,css,5d2bbddb,KaikyBraga,2025-03-20,12:53:37,-03:00,2025-03-20T12:53:37-03:00,0,0
static\style.css,23,css,5d2bbddb,KaikyBraga,2025-03-20,12:53:37,-03:00,2025-03-20T12:53:37-03:00,0,3
static\style.css,24,css,6282f6d3,KaikyBraga,2025-03-27,12:42:52,-03:00,2025-03-27T12:42:52-03:00,0,39
static\style.css,25,css,6282f6d3,KaikyBraga,2025-03-27,12:42:52,-03:00,2025-03-27T12:42:52-03:00,0,0
static\style.css,26,css,6282f6d3,KaikyBraga,2025-03-27,12:42:52,-03:00,2025-03-27T12:42:52-03:00,0,32
static\style.css,27,css,6282f6d3,KaikyBraga,2025-03-27,12:42:52,-03:00,2025-03-27T12:42:52-03:00,0,37
static\style.css,28,css,6282f6d3,KaikyBraga,2025-03-27,12:42:52,-03:00,2025-03-27T12:42:52-03:00,0,42
static\style.css,29,css,6282f6d3,KaikyBraga,2025-03-27,12:42:52,-03:00,2025-03-27T12:42:52-03:00,0,44
static\style.css,30,css,6282f6d3,KaikyBraga,2025-03-27,12:42:52,-03:00,2025-03-27T12:42:52-03:00,0,0
static\style.css,31,css,6282f6d3,KaikyBraga,2025-03-27,12:42:52,-03:00,2025-03-27T12:42:52-03:00,0,39
static\style.css,32,css,5d2bbddb,KaikyBraga,2025-03-20,12:53:37,-03:00,2025-03-20T12:53:37-03:00,0,0
static\style.css,33,css,5d2bbddb,KaikyBraga,2025-03-20,12:53:37,-03:00,2025-03-20T12:53:37-03:00,0,0
static\style.css,34,css,5d2bbddb,KaikyBraga,2025-03-20,12:53:37,-03:00,2025-03-20T12:53:37-03:00,0,5
static\style.css,35,css,6282f6d3,KaikyBraga,2025-03-27,12:42:52,-03:00,2025-03-27T12:42:52-03:00,0,25
static\style.css,36,css,6282f6d3,KaikyBraga,2025-03-27,12:42:52,-03:00,2025-03-27T12:42:52-03:00,0,39
static\style.css,37,css,6282f6d3,KaikyBraga,2025-03-27,12:42:52,-03:00,2025-03-27T12:42:52-03:00,0,33
static\style.css,38,css,6282f6d3,KaikyBraga,2025-03-27,12:42:52,-03:00,2025-03-27T12:42:52-03:00,0,37
static\style.css,39,css,6282f6d3,KaikyBraga,2025-03-27,12:42:52,-03:00,2025-03-27T12:42:52-03:00,0,33
static\style.css,40,css,5d2bbddb,KaikyBraga,2025-03-20,12:53:37,-03:00,2025-03-20T12:53:37-03:00,0,0
static\style.css,41,css,5d2bbddb,KaikyBraga,2025-03-20,12:53:37,-03:00,2025-03-20T12:53:37-03:00,0,0
static\style.css,42,css,6282f6d3,KaikyBraga,2025-03-27,12:42:52,-03:00,2025-03-27T12:42:52-03:00,0,13
static\style.css,43,css,6282f6d3,KaikyBraga,2025-03-27,12:42:52,-03:00,2025-03-27T12:42:52-03:00,0,42
static\style.css,44,css,6282f6d3,KaikyBraga,2025-03-27,12:42:52,-03:00,2025-03-27T12:42:52-03:00,0,42
static\style.css,45,css,6282f6d3,KaikyBraga,2025-03-27,12:42:52,-03:00,2025-03-27T12:42:52-03:00,0,39
static\style.css,46,css,6282f6d3,KaikyBraga,2025-03-27,12:42:52,-03:00,2025-03-27T12:42:52-03:00,0,37
static\style.css,47,css,6282f6d3,KaikyBraga,2025-03-27,12:42:52,-03:00,2025-03-27T12:42:52-03:00,0,34
static\style.css,48,css,5d2bbddb,KaikyBraga,2025-03-20,12:53:37,-03:00,2025-03-20T12:53:37-03:00,0,0
static\style.css,49,css,5d2bbddb,KaikyBraga,2025-03-20,12:53:37,-03:00,2025-03-20T12:53:37-03:00,0,0
static\style.css,50,css,6282f6d3,KaikyBraga,2025-03-27,12:42:52,-03:00,2025-03-27T12:42:52-03:00,0,11
static\style.css,51,css,6282f6d3,KaikyBraga,2025-03-27,12:42:52,-03:00,2025-03-27T12:42:52-03:00,0,48
static\style.css,52,css,6282f6d3,KaikyBraga,2025-03-27,12:42:52,-03:00,2025-03-27T12:42:52-03:00,0,48
static\style.css,53,css,6282f6d3,KaikyBraga,2025-03-27,12:42:52,-03:00,2025-03-27T12:42:52-03:00,0,62
static\style.css,54,css,6282f6d3,KaikyBraga,2025-03-27,12:42:52,-03:00,2025-03-27T12:42:52-03:00,0,43
static\style.css,55,css,6282f6d3,KaikyBraga,2025-03-27,12:42:52,-03:00,2025-03-27T12:42:52-03:00,0,69
static\style.css,56,css,5d2bbddb,KaikyBraga,2025-03-20,12:53:37,-03:00,2025-03-20T12:53:37-03:00,0,0
static\style.css,57,css,6282f6d3,KaikyBraga,2025-03-27,12:42:52,-03:00,2025-03-27T12:42:52-03:00,0,0
static\style.css,58,css,6282f6d3,KaikyBraga,2025-03-27,12:42:52,-03:00,2025-03-27T12:42:52-03:00,0,12
static\style.css,59,css,6282f6d3,KaikyBraga,2025-03-27,12:42:52,-03:00,2025-03-27T12:42:52-03:00,0,16
static\style.css,60,css,6282f6d3,KaikyBraga,2025-03-27,12:42:52,-03:00,2025-03-27T12:42:52-03:00,0,8
static\style.css,61,css,6282f6d3,KaikyBraga,2025-03-27,12:42:52,-03:00,2025-03-27T12:42:52-03:00,0,10
static\style.css,62,css,6282f6d3,KaikyBraga,2025-03-27,12:42:52,-03:00,2025-03-27T12:42:52-03:00,0,19
static\style.css,63,css,6282f6d3,KaikyBraga,2025-03-27,12:42:52,-03:00,2025-03-27T12:42:52-03:00,0,7
static\style.css,64,css,6282f6d3,KaikyBraga,2025-03-27,12:42:52,-03:00,2025-03-27T12:42:52-03:00,0,0
static\style.css,65,css,6282f6d3,KaikyBraga,2025-03-27,12:42:52,-03:00,2025-03-27T12:42:52-03:00,0,0
static\style.css,66,css,5d2bbddb,KaikyBraga,2025-03-20,12:53:37,-03:00,2025-03-20T12:53:37-03:00,0,21
static\style.css,67,css,6282f6d3,KaikyBraga,2025-03-27,12:42:52,-03:00,2025-03-27T12:42:52-03:00,2,47
static\style.css,68,css,5d2bbddb,KaikyBraga,2025-03-20,12:53:37,-03:00,2025-03-20T12:53:37-03:00,0,0
static\style.css,69,css,6282f6d3,KaikyBraga,2025-03-27,12:42:52,-03:00,2025-03-27T12:42:52-03:00,0,0
static\style.css,70,css,6282f6d3,KaikyBraga,2025-03-27,12:42:52,-03:00,2025-03-27T12:42:52-03:00,0,19
static\style.css,71,css,6282f6d3,KaikyBraga,2025-03-27,12:42:52,-03:00,2025-03-27T12:42:52-03:00,0,33
static\style.css,72,css,6282f6d3,KaikyBraga,2025-03-27,12:42:52,-03:00,2025-03-27T12:42:52-03:00,2,13
static\style.css,73,css,6282f6d3,KaikyBraga,2025-03-27,12:42:52,-03:00,2025-03-27T12:42:52-03:00,0,0
static\style.css,74,css,6282f6d3,KaikyBraga,2025-03-27,12:42:52,-03:00,2025-03-27T12:42:52-03:00,0,23
static\style.css,75,css,6282f6d3,KaikyBraga,2025-03-27,12:42:52,-03:00,2025-03-27T12:42:52-03:00,2,10
static\style.css,76,css,6282f6d3,KaikyBraga,2025-03-27,12:42:52,-03:00,2025-03-27T12:42:52-03:00,0,21
static\style.css,77,css,5d2bbddb,KaikyBraga,2025-03-20,12:53:37,-03:00,2025-03-20T12:53:37-03:00,0,0
static\style.css,78,css,5d2bbddb,KaikyBraga,2025-03-20,12:53:37,-03:00,2025-03-20T12:53:37-03:00,0,5
static\style.css,79,css,6282f6d3,KaikyBraga,2025-03-27,12:42:52,-03:00,2025-03-27T12:42:52-03:00,2,17
static\style.css,80,css,6282f6d3,KaikyBraga,2025-03-27,12:42:52,-03:00,2025-03-27T12:42:52-03:00,0,2
static\style.css,81,css,6282f6d3,KaikyBraga,2025-03-27,12:42:52,-03:00,2025-03-27T12:42:52-03:00,0,11
static\style.css,82,css,6282f6d3,KaikyBraga,2025-03-27,12:42:52,-03:00,2025-03-27T12:42:52-03:00,0,0
static\style.css,83,css,6282f6d3,KaikyBraga,2025-03-27,12:42:52,-03:00,2025-03-27T12:42:52-03:00,0,4
static\style.css,84,css,6282f6d3,KaikyBraga,2025-03-27,12:42:52,-03:00,2025-03-27T12:42:52-03:00,0,32
static\style.css,85,css,6282f6d3,KaikyBraga,2025-03-27,12:42:52,-03:00,2025-03-27T12:42:52-03:00,0,52
static\style.css,86,css,6282f6d3,KaikyBraga,2025-03-27,12:42:52,-03:00,2025-03-27T12:42:52-03:00,0,27
static\style.css,87,css,6282f6d3,KaikyBraga,2025-03-27,12:42:52,-03:00,2025-03-27T12:42:52-03:00,0,0
static\style.css,88,css,6282f6d3,KaikyBraga,2025-03-27,12:42:52,-03:00,2025-03-27T12:42:52-03:00,0,10
static\style.css,89,css,6282f6d3,KaikyBraga,2025-03-27,12:42:52,-03:00,2025-03-27T12:42:52-03:00,0,31
static\style.css,90,css,6282f6d3,KaikyBraga,2025-03-27,12:42:52,-03:00,2025-03-27T12:42:52-03:00,0,48
static\style.css,91,css,6282f6d3,KaikyBraga,2025-03-27,12:42:52,-03:00,2025-03-27T12:42:52-03:00,0,0
static\style.css,92,css,6282f6d3,KaikyBraga,2025-03-27,12:42:52,-03:00,2025-03-27T12:42:52-03:00,0,13
static\style.css,93,css,6282f6d3,KaikyBraga,2025-03-27,12:42:52,-03:00,2025-03-27T12:42:52-03:00,0,38
static\style.css,94,css,6282f6d3,KaikyBraga,2025-03-27,12:42:52,-03:00,2025-03-27T12:42:52-03:00,0,0
static\style.css,95,css,6282f6d3,KaikyBraga,2025-03-27,12:42:52,-03:00,2025-03-27T12:42:52-03:00,0,0
static\style.css,96,css,6282f6d3,KaikyBraga,2025-03-27,12:42:52,-03:00,2025-03-27T12:42:52-03:00,0,2
static\style.css,97,css,6282f6d3,KaikyBraga,2025-03-27,12:42:52,-03:00,2025-03-27T12:42:52-03:00,0,27
static\style.css,98,css,6282f6d3,KaikyBraga,2025-03-27,12:42:52,-03:00,2025-03-27T12:42:52-03:00,0,0
static\style.css,99,css,6282f6d3,KaikyBraga,2025-03-27,12:42:52,-03:00,2025-03-27T12:42:52-03:00,0,0
static\style.css,100,css,6282f6d3,KaikyBraga,2025-03-27,12:42:52,-03:00,2025-03-27T12:42:52-03:00,0,9
static\style.css,101,css,6282f6d3,KaikyBraga,2025-03-27,12:42:52,-03:00,2025-03-27T12:42:52-03:00,0,24
static\style.css,102,css,6282f6d3,KaikyBraga,2025-03-27,12:42:52,-03:00,2025-03-27T12:42:52-03:00,0,71
static\style.css,103,css,6282f6d3,KaikyBraga,2025-03-27,12:42:52,-03:00,2025-03-27T12:42:52-03:00,0,27
static\style.css,104,css,6282f6d3,KaikyBraga,2025-03-27,12:42:52,-03:00,2025-03-27T12:42:52-03:00,0,26
static\style.css,105,css,5d2bbddb,KaikyBraga,2025-03-20,12:53:37,-03:00,2025-03-20T12:53:37-03:00,0,0
static\style.css,106,css,5d2bbddb,KaikyBraga,2025-03-20,12:53:37,-03:00,2025-03-20T12:53:37-03:00,0,0
static\style.css,107,css,6282f6d3,KaikyBraga,2025-03-27,12:42:52,-03:00,2025-03-27T12:42:52-03:00,0,6
static\style.css,108,css,6282f6d3,KaikyBraga,2025-03-27,12:42:52,-03:00,2025-03-27T12:42:52-03:00,0,24
static\style.css,109,css,6282f6d3,KaikyBraga,2025-03-27,12:42:52,-03:00,2025-03-27T12:42:52-03:00,0,25
static\style.css,110,css,6282f6d3,KaikyBraga,2025-03-27,12:42:52,-03:00,2025-03-27T12:42:52-03:00,0,39
static\style.css,111,css,6282f6d3,KaikyBraga,2025-03-27,12:42:52,-03:00,2025-03-27T12:42:52-03:00,0,28
static\style.css,112,css,5d2bbddb,KaikyBraga,2025-03-20,12:53:37,-03:00,2025-03-20T12:53:37-03:00,0,0
static\style.css,113,css,5d2bbddb,KaikyBraga,2025-03-20,12:53:37,-03:00,2025-03-20T12:53:37-03:00,0,0
static\style.css,114,css,6282f6d3,KaikyBraga,2025-03-27,12:42:52,-03:00,2025-03-27T12:42:52-03:00,0,9
static\style.css,115,css,6282f6d3,KaikyBraga,2025-03-27,12:42:52,-03:00,2025-03-27T12:42:52-03:00,0,21
static\style.css,116,css,5d2bbddb,KaikyBraga,2025-03-20,12:53:37,-03:00,2025-03-20T12:53:37-03:00,0,0
static\style.css,117,css,5d2bbddb,KaikyBraga,2025-03-20,12:53:37,-03:00,2025-03-20T12:53:37-03:00,0,0
static\style.css,118,css,6282f6d3,KaikyBraga,2025-03-27,12:42:52,-03:00,2025-03-27T12:42:52-03:00,0,2
static\style.css,119,css,6282f6d3,KaikyBraga,2025-03-27,12:42:52,-03:00,2025-03-27T12:42:52-03:00,0,27
static\style.css,120,css,6282f6d3,KaikyBraga,2025-03-27,12:42:52,-03:00,2025-03-27T12:42:52-03:00,0,0
static\style.css,121,css,6282f6d3,KaikyBraga,2025-03-27,12:42:52,-03:00,2025-03-27T12:42:52-03:00,0,21
static\style.css,122,css,6282f6d3,KaikyBraga,2025-03-27,12:42:52,-03:00,2025-03-27T12:42:52-03:00,0,28
static\style.css,123,css,6282f6d3,KaikyBraga,2025-03-27,12:42:52,-03:00,2025-03-27T12:42:52-03:00,0,30
static\style.css,124,css,6282f6d3,KaikyBraga,2025-03-27,12:42:52,-03:00,2025-03-27T12:42:52-03:00,0,0
static\style.css,125,css,6282f6d3,KaikyBraga,2025-03-27,12:42:52,-03:00,2025-03-27T12:42:52-03:00,0,0
static\style.css,126,css,6282f6d3,KaikyBraga,2025-03-27,12:42:52,-03:00,2025-03-27T12:42:52-03:00,0,6
static\style.css,127,css,6282f6d3,KaikyBraga,2025-03-27,12:42:52,-03:00,2025-03-27T12:42:52-03:00,0,28
static\style.css,128,css,6282f6d3,KaikyBraga,2025-03-27,12:42:52,-03:00,2025-03-27T12:42:52-03:00,0,52
static\style.css,129,css,6282f6d3,KaikyBraga,2025-03-27,12:42:52,-03:00,2025-03-27T12:42:52-03:00,0,30
static\style.css,130,css,6282f6d3,KaikyBraga,2025-03-27,12:42:52,-03:00,2025-03-27T12:42:52-03:00,0,0
static\style.css,131,css,6282f6d3,KaikyBraga,2025-03-27,12:42:52,-03:00,2025-03-27T12:42:52-03:00,0,5
static\style.css,132,css,6282f6d3,KaikyBraga,2025-03-27,12:42:52,-03:00,2025-03-27T12:42:52-03:00,0,55
static\style.css,133,css,6282f6d3,KaikyBraga,2025-03-27,12:42:52,-03:00,2025-03-27T12:42:52-03:00,0,32
static\style.css,134,css,6282f6d3,KaikyBraga,2025-03-27,12:42:52,-03:00,2025-03-27T12:42:52-03:00,0,40
static\style.css,135,css,5d2bbddb,KaikyBraga,2025-03-20,12:53:37,-03:00,2025-03-20T12:53:37-03:00,0,0
static\global.js,1,js,5d2bbddb,KaikyBraga,2025-03-20,12:53:37,-03:00,2025-03-20T12:53:37-03:00,0,28
static\global.js,2,js,5d2bbddb,KaikyBraga,2025-03-20,12:53:37,-03:00,2025-03-20T12:53:37-03:00,0,0
static\global.js,3,js,5d2bbddb,KaikyBraga,2025-03-20,12:53:37,-03:00,2025-03-20T12:53:37-03:00,0,23
static\global.js,4,js,5d2bbddb,KaikyBraga,2025-03-20,12:53:37,-03:00,2025-03-20T12:53:37-03:00,0,24
static\global.js,5,js,5d2bbddb,KaikyBraga,2025-03-20,12:53:37,-03:00,2025-03-20T12:53:37-03:00,0,0
static\global.js,6,js,5d2bbddb,KaikyBraga,2025-03-20,12:53:37,-03:00,2025-03-20T12:53:37-03:00,0,45
static\global.js,7,js,5d2bbddb,KaikyBraga,2025-03-20,12:53:37,-03:00,2025-03-20T12:53:37-03:00,0,59
static\global.js,8,js,5d2bbddb,KaikyBraga,2025-03-20,12:53:37,-03:00,2025-03-20T12:53:37-03:00,0,2
static\global.js,9,js,5d2bbddb,KaikyBraga,2025-03-20,12:53:37,-03:00,2025-03-20T12:53:37-03:00,0,0
static\global.js,10,js,5d2bbddb,KaikyBraga,2025-03-20,12:53:37,-03:00,2025-03-20T12:53:37-03:00,0,29
static\global.js,11,js,5d2bbddb,KaikyBraga,2025-03-20,12:53:37,-03:00,2025-03-20T12:53:37-03:00,0,0
static\global.js,12,js,5d2bbddb,KaikyBraga,2025-03-20,12:53:37,-03:00,2025-03-20T12:53:37-03:00,0,23
static\global.js,13,js,5d2bbddb,KaikyBraga,2025-03-20,12:53:37,-03:00,2025-03-20T12:53:37-03:00,0,0
static\global.js,14,js,5d2bbddb,KaikyBraga,2025-03-20,12:53:37,-03:00,2025-03-20T12:53:37-03:00,0,100
static\global.js,15,js,5d2bbddb,KaikyBraga,2025-03-20,12:53:37,-03:00,2025-03-20T12:53:37-03:00,0,0
static\global.js,16,js,5d2bbddb,KaikyBraga,2025-03-20,12:53:37,-03:00,2025-03-20T12:53:37-03:00,0,38
static\global.js,17,js,5d2bbddb,KaikyBraga,2025-03-20,12:53:37,-03:00,2025-03-20T12:53:37-03:00,0,0
static\global.js,18,js,5d2bbddb,KaikyBraga,2025-03-20,12:53:37,-03:00,2025-03-20T12:53:37-03:00,0,11
static\global.js,19,js,5d2bbddb,KaikyBraga,2025-03-20,12:53:37,-03:00,2025-03-20T12:53:37-03:00,2,23
static\global.js,20,js,5d2bbddb,KaikyBraga,2025-03-20,12:53:37,-03:00,2025-03-20T12:53:37-03:00,2,35
static\global.js,21,js,5d2bbddb,KaikyBraga,2025-03-20,12:53:37,-03:00,2025-03-20T12:53:37-03:00,2,36
static\global.js,22,js,5d2bbddb,KaikyBraga,2025-03-20,12:53:37,-03:00,2025-03-20T12:53:37-03:00,2,71
static\global.js,23,js,5d2bbddb,KaikyBraga,2025-03-20,12:53:37,-03:00,2025-03-20T12:53:37-03:00,0,0
static\global.js,24,js,5d2bbddb,KaikyBraga,2025-03-20,12:53:37,-03:00,2025-03-20T12:53:37-03:00,0,0
static\global.js,25,js,5d2bbddb,KaikyBraga,2025-03-20,12:53:37,-03:00,2025-03-20T12:53:37-03:00,0,38
static\global.js,26,js,5d2bbddb,KaikyBraga,2025-03-20,12:53:37,-03:00,2025-03-20T12:53:37-03:00,0,25
static\global.js,27,js,5d2bbddb,KaikyBraga,2025-03-20,12:53:37,-03:00,2025-03-20T12:53:37-03:00,0,0
static\global.js,28,js,5d2bbddb,KaikyBraga,2025-03-20,12:53:37,-03:00,2025-03-20T12:53:37-03:00,0,70
static\global.js,29,js,5d2bbddb,KaikyBraga,2025-03-20,12:53:37,-03:00,2025-03-20T12:53:37-03:00,0,0
static\global.js,30,js,6282f6d3,KaikyBraga,2025-03-27,12:42:52,-03:00,2025-03-27T12:42:52-03:00,0,23
static\global.js,31,js,6282f6d3,KaikyBraga,2025-03-27,12:42:52,-03:00,2025-03-27T12:42:52-03:00,0,21
static\global.js,32,js,6282f6d3,KaikyBraga,2025-03-27,12:42:52,-03:00,2025-03-27T12:42:52-03:00,0,25
static\global.js,33,js,6282f6d3,KaikyBraga,2025-03-27,12:42:52,-03:00,2025-03-27T12:42:52-03:00,0,37
static\global.js,34,js,6282f6d3,KaikyBraga,2025-03-27,12:42:52,-03:00,2025-03-27T12:42:52-03:00,0,51
static\global.js,35,js,6282f6d3,KaikyBraga,2025-03-27,12:42:52,-03:00,2025-03-27T12:42:52-03:00,0,27
static\global.js,36,js,6282f6d3,KaikyBraga,2025-03-27,12:42:52,-03:00,2025-03-27T12:42:52-03:00,0,6
static\global.js,37,js,6282f6d3,KaikyBraga,2025-03-27,12:42:52,-03:00,2025-03-27T12:42:52-03:00,0,0
static\global.js,38,js,6282f6d3,KaikyBraga,2025-03-27,12:42:52,-03:00,2025-03-27T12:42:52-03:00,0,41
static\global.js,39,js,6282f6d3,KaikyBraga,2025-03-27,12:42:52,-03:00,2025-03-27T12:42:52-03:00,0,18
static\global.js,40,js,6282f6d3,KaikyBraga,2025-03-27,12:42:52,-03:00,2025-03-27T12:42:52-03:00,0,27
static\global.js,41,js,6282f6d3,KaikyBraga,2025-03-27,12:42:52,-03:00,2025-03-27T12:42:52-03:00,0,0
static\global.js,42,js,6282f6d3,KaikyBraga,2025-03-27,12:42:52,-03:00,2025-03-27T12:42:52-03:00,0,72
static\global.js,43,js,6282f6d3,KaikyBraga,2025-03-27,12:42:52,-03:00,2025-03-27T12:42:52-03:00,0,36
static\global.js,44,js,6282f6d3,KaikyBraga,2025-03-27,12:42:52,-03:00,2025-03-27T12:42:52-03:00,0,6
static\global.js,45,js,6282f6d3,KaikyBraga,2025-03-27,12:42:52,-03:00,2025-03-27T12:42:52-03:00,0,0
static\global.js,46,js,6282f6d3,KaikyBraga,2025-03-27,12:42:52,-03:00,2025-03-27T12:42:52-03:00,0,35
static\global.js,47,js,6282f6d3,KaikyBraga,2025-03-27,12:42:52,-03:00,2025-03-27T12:42:52-03:00,0,44
static\global.js,48,js,6282f6d3,KaikyBraga,2025-03-27,12:42:52,-03:00,2025-03-27T12:42:52-03:00,0,6
static\global.js,49,js,6282f6d3,KaikyBraga,2025-03-27,12:42:52,-03:00,2025-03-27T12:42:52-03:00,0,0
static\global.js,50,js,6282f6d3,KaikyBraga,2025-03-27,12:42:52,-03:00,2025-03-27T12:42:52-03:00,0,19
static\global.js,51,js,6282f6d3,KaikyBraga,2025-03-27,12:42:52,-03:00,2025-03-27T12:42:52-03:00,0,2
src\app.html,1,html,5d2bbddb,KaikyBraga,2025-03-20,12:53:37,-03:00,2025-03-20T12:53:37-03:00,0,13
src\app.html,2,html,5d2bbddb,KaikyBraga,2025-03-20,12:53:37,-03:00,2025-03-20T12:53:37-03:00,0,14
src\app.html,3,html,5d2bbddb,KaikyBraga,2025-03-20,12:53:37,-03:00,2025-03-20T12:53:37-03:00,0,4
src\app.html,4,html,5d2bbddb,KaikyBraga,2025-03-20,12:53:37,-03:00,2025-03-20T12:53:37-03:00,0,19
src\app.html,5,html,5d2bbddb,KaikyBraga,2025-03-20,12:53:37,-03:00,2025-03-20T12:53:37-03:00,0,22
src\app.html,6,html,5d2bbddb,KaikyBraga,2025-03-20,12:53:37,-03:00,2025-03-20T12:53:37-03:00,0,55
src\app.html,7,html,5d2bbddb,KaikyBraga,2025-03-20,12:53:37,-03:00,2025-03-20T12:53:37-03:00,0,59
src\app.html,8,html,5d2bbddb,KaikyBraga,2025-03-20,12:53:37,-03:00,2025-03-20T12:53:37-03:00,0,64
src\app.html,9,html,5d2bbddb,KaikyBraga,2025-03-20,12:53:37,-03:00,2025-03-20T12:53:37-03:00,0,51
src\app.html,10,html,5d2bbddb,KaikyBraga,2025-03-20,12:53:37,-03:00,2025-03-20T12:53:37-03:00,0,14
src\app.html,11,html,5d2bbddb,KaikyBraga,2025-03-20,12:53:37,-03:00,2025-03-20T12:53:37-03:00,0,5
src\app.html,12,html,5d2bbddb,KaikyBraga,2025-03-20,12:53:37,-03:00,2025-03-20T12:53:37-03:00,0,40
src\app.html,13,html,5d2bbddb,KaikyBraga,2025-03-20,12:53:37,-03:00,2025-03-20T12:53:37-03:00,0,51
src\app.html,14,html,5d2bbddb,KaikyBraga,2025-03-20,12:53:37,-03:00,2025-03-20T12:53:37-03:00,0,5
src\app.html,15,html,5d2bbddb,KaikyBraga,2025-03-20,12:53:37,-03:00,2025-03-20T12:53:37-03:00,0,5
src\routes\+page.svelte,1,svelte,5d2bbddb,KaikyBraga,2025-03-20,12:53:37,-03:00,2025-03-20T12:53:37-03:00,0,18
src\routes\+page.svelte,2,svelte,5d2bbddb,KaikyBraga,2025-03-20,12:53:37,-03:00,2025-03-20T12:53:37-03:00,0,0
src\routes\+page.svelte,3,svelte,5d2bbddb,KaikyBraga,2025-03-20,12:53:37,-03:00,2025-03-20T12:53:37-03:00,0,241
src\routes\+page.svelte,4,svelte,5d2bbddb,KaikyBraga,2025-03-20,12:53:37,-03:00,2025-03-20T12:53:37-03:00,0,0
src\routes\+page.svelte,5,svelte,6d18c934,KaikyBraga,2025-03-20,13:00:30,-03:00,2025-03-20T13:00:30-03:00,0,67
src\routes\+layout.svelte,1,svelte,6282f6d3,KaikyBraga,2025-03-27,12:42:52,-03:00,2025-03-27T12:42:52-03:00,0,6
src\routes\+layout.svelte,2,js,6282f6d3,KaikyBraga,2025-03-27,12:42:52,-03:00,2025-03-27T12:42:52-03:00,0,32
src\routes\+layout.svelte,3,js,6282f6d3,KaikyBraga,2025-03-27,12:42:52,-03:00,2025-03-27T12:42:52-03:00,0,33
src\routes\+layout.svelte,4,js,6282f6d3,KaikyBraga,2025-03-27,12:42:52,-03:00,2025-03-27T12:42:52-03:00,0,0
src\routes\+layout.svelte,5,js,6282f6d3,KaikyBraga,2025-03-27,12:42:52,-03:00,2025-03-27T12:42:52-03:00,0,11
src\routes\+layout.svelte,6,js,6282f6d3,KaikyBraga,2025-03-27,12:42:52,-03:00,2025-03-27T12:42:52-03:00,2,26
src\routes\+layout.svelte,7,js,6282f6d3,KaikyBraga,2025-03-27,12:42:52,-03:00,2025-03-27T12:42:52-03:00,2,38
src\routes\+layout.svelte,8,js,6282f6d3,KaikyBraga,2025-03-27,12:42:52,-03:00,2025-03-27T12:42:52-03:00,2,36
src\routes\+layout.svelte,9,js,6282f6d3,KaikyBraga,2025-03-27,12:42:52,-03:00,2025-03-27T12:42:52-03:00,2,34
src\routes\+layout.svelte,10,js,6282f6d3,KaikyBraga,2025-03-27,12:42:52,-03:00,2025-03-27T12:42:52-03:00,2,52
src\routes\+layout.svelte,11,js,6282f6d3,KaikyBraga,2025-03-27,12:42:52,-03:00,2025-03-27T12:42:52-03:00,0,0
src\routes\+layout.svelte,12,js,6282f6d3,KaikyBraga,2025-03-27,12:42:52,-03:00,2025-03-27T12:42:52-03:00,0,0
src\routes\+layout.svelte,13,js,6282f6d3,KaikyBraga,2025-03-27,12:42:52,-03:00,2025-03-27T12:42:52-03:00,0,0
src\routes\+layout.svelte,14,js,6282f6d3,KaikyBraga,2025-03-27,12:42:52,-03:00,2025-03-27T12:42:52-03:00,0,47
src\routes\+layout.svelte,15,js,6282f6d3,KaikyBraga,2025-03-27,12:42:52,-03:00,2025-03-27T12:42:52-03:00,0,0
src\routes\+layout.svelte,16,js,6282f6d3,KaikyBraga,2025-03-27,12:42:52,-03:00,2025-03-27T12:42:52-03:00,0,57
src\routes\+layout.svelte,17,js,6282f6d3,KaikyBraga,2025-03-27,12:42:52,-03:00,2025-03-27T12:42:52-03:00,0,47
src\routes\+layout.svelte,18,js,6282f6d3,KaikyBraga,2025-03-27,12:42:52,-03:00,2025-03-27T12:42:52-03:00,0,54
src\routes\+layout.svelte,19,js,6282f6d3,KaikyBraga,2025-03-27,12:42:52,-03:00,2025-03-27T12:42:52-03:00,0,0
src\routes\+layout.svelte,20,svelte,6282f6d3,KaikyBraga,2025-03-27,12:42:52,-03:00,2025-03-27T12:42:52-03:00,0,7
src\routes\+layout.svelte,21,svelte,6282f6d3,KaikyBraga,2025-03-27,12:42:52,-03:00,2025-03-27T12:42:52-03:00,0,0
src\routes\+layout.svelte,22,svelte,6282f6d3,KaikyBraga,2025-03-27,12:42:52,-03:00,2025-03-27T12:42:52-03:00,0,3
src\routes\+layout.svelte,23,svelte,6282f6d3,KaikyBraga,2025-03-27,12:42:52,-03:00,2025-03-27T12:42:52-03:00,1,16
src\routes\+layout.svelte,24,svelte,6282f6d3,KaikyBraga,2025-03-27,12:42:52,-03:00,2025-03-27T12:42:52-03:00,2,0
src\routes\+layout.svelte,25,svelte,6282f6d3,KaikyBraga,2025-03-27,12:42:52,-03:00,2025-03-27T12:42:52-03:00,4,56
src\routes\+layout.svelte,26,svelte,6282f6d3,KaikyBraga,2025-03-27,12:42:52,-03:00,2025-03-27T12:42:52-03:00,4,38
src\routes\+layout.svelte,27,svelte,6282f6d3,KaikyBraga,2025-03-27,12:42:52,-03:00,2025-03-27T12:42:52-03:00,4,55
src\routes\+layout.svelte,28,svelte,6282f6d3,KaikyBraga,2025-03-27,12:42:52,-03:00,2025-03-27T12:42:52-03:00,2,0
src\routes\+layout.svelte,29,svelte,6282f6d3,KaikyBraga,2025-03-27,12:42:52,-03:00,2025-03-27T12:42:52-03:00,4,7
src\routes\+layout.svelte,30,svelte,6282f6d3,KaikyBraga,2025-03-27,12:42:52,-03:00,2025-03-27T12:42:52-03:00,2,2
src\routes\+layout.svelte,31,svelte,6282f6d3,KaikyBraga,2025-03-27,12:42:52,-03:00,2025-03-27T12:42:52-03:00,1,5
src\routes\+layout.svelte,32,svelte,6282f6d3,KaikyBraga,2025-03-27,12:42:52,-03:00,2025-03-27T12:42:52-03:00,0,4
src\routes\+layout.svelte,33,svelte,6282f6d3,KaikyBraga,2025-03-27,12:42:52,-03:00,2025-03-27T12:42:52-03:00,0,0
src\routes\+layout.svelte,34,svelte,6282f6d3,KaikyBraga,2025-03-27,12:42:52,-03:00,2025-03-27T12:42:52-03:00,0,26
src\routes\+layout.svelte,35,svelte,6282f6d3,KaikyBraga,2025-03-27,12:42:52,-03:00,2025-03-27T12:42:52-03:00,2,4
src\routes\+layout.svelte,36,svelte,6282f6d3,KaikyBraga,2025-03-27,12:42:52,-03:00,2025-03-27T12:42:52-03:00,2,33
src\routes\+layout.svelte,37,svelte,6282f6d3,KaikyBraga,2025-03-27,12:42:52,-03:00,2025-03-27T12:42:52-03:00,4,45
src\routes\+layout.svelte,38,svelte,6282f6d3,KaikyBraga,2025-03-27,12:42:52,-03:00,2025-03-27T12:42:52-03:00,4,36
src\routes\+layout.svelte,39,svelte,6282f6d3,KaikyBraga,2025-03-27,12:42:52,-03:00,2025-03-27T12:42:52-03:00,4,34
src\routes\+layout.svelte,40,svelte,6282f6d3,KaikyBraga,2025-03-27,12:42:52,-03:00,2025-03-27T12:42:52-03:00,2,7
src\routes\+layout.svelte,41,svelte,6282f6d3,KaikyBraga,2025-03-27,12:42:52,-03:00,2025-03-27T12:42:52-03:00,0,6
src\routes\+layout.svelte,42,svelte,6282f6d3,KaikyBraga,2025-03-27,12:42:52,-03:00,2025-03-27T12:42:52-03:00,0,0
src\routes\+layout.svelte,43,svelte,6282f6d3,KaikyBraga,2025-03-27,12:42:52,-03:00,2025-03-27T12:42:52-03:00,0,6
src\routes\projects\+page.svelte,1,svelte,9d924d1d,KaikyBraga,2025-04-03,12:58:03,-03:00,2025-04-03T12:58:03-03:00,0,6
src\routes\projects\+page.svelte,2,js,9d924d1d,KaikyBraga,2025-04-03,12:58:03,-03:00,2025-04-03T12:58:03-03:00,1,40
src\routes\projects\+page.svelte,3,js,9d924d1d,KaikyBraga,2025-04-03,12:58:03,-03:00,2025-04-03T12:58:03-03:00,1,40
src\routes\projects\+page.svelte,4,js,9d924d1d,KaikyBraga,2025-04-03,12:58:03,-03:00,2025-04-03T12:58:03-03:00,1,32
src\routes\projects\+page.svelte,5,js,9d924d1d,KaikyBraga,2025-04-03,12:58:03,-03:00,2025-04-03T12:58:03-03:00,1,23
src\routes\projects\+page.svelte,6,js,9d924d1d,KaikyBraga,2025-04-03,12:58:03,-03:00,2025-04-03T12:58:03-03:00,0,0
src\routes\projects\+page.svelte,7,js,9d924d1d,KaikyBraga,2025-04-03,12:58:03,-03:00,2025-04-03T12:58:03-03:00,1,0
src\routes\projects\+page.svelte,8,js,9d924d1d,KaikyBraga,2025-04-03,12:58:03,-03:00,2025-04-03T12:58:03-03:00,1,13
src\routes\projects\+page.svelte,9,js,9d924d1d,KaikyBraga,2025-04-03,12:58:03,-03:00,2025-04-03T12:58:03-03:00,1,0
src\routes\projects\+page.svelte,10,js,9d924d1d,KaikyBraga,2025-04-03,12:58:03,-03:00,2025-04-03T12:58:03-03:00,1,48
src\routes\projects\+page.svelte,11,js,9d924d1d,KaikyBraga,2025-04-03,12:58:03,-03:00,2025-04-03T12:58:03-03:00,3,59
src\routes\projects\+page.svelte,12,js,9d924d1d,KaikyBraga,2025-04-03,12:58:03,-03:00,2025-04-03T12:58:03-03:00,3,42
src\routes\projects\+page.svelte,13,js,9d924d1d,KaikyBraga,2025-04-03,12:58:03,-03:00,2025-04-03T12:58:03-03:00,1,1
src\routes\projects\+page.svelte,14,js,9d924d1d,KaikyBraga,2025-04-03,12:58:03,-03:00,2025-04-03T12:58:03-03:00,0,0
src\routes\projects\+page.svelte,15,js,9d924d1d,KaikyBraga,2025-04-03,12:58:03,-03:00,2025-04-03T12:58:03-03:00,1,54
src\routes\projects\+page.svelte,16,js,9d924d1d,KaikyBraga,2025-04-03,12:58:03,-03:00,2025-04-03T12:58:03-03:00,3,17
src\routes\projects\+page.svelte,17,js,9d924d1d,KaikyBraga,2025-04-03,12:58:03,-03:00,2025-04-03T12:58:03-03:00,5,35
src\routes\projects\+page.svelte,18,js,9d924d1d,KaikyBraga,2025-04-03,12:58:03,-03:00,2025-04-03T12:58:03-03:00,3,0
src\routes\projects\+page.svelte,19,js,9d924d1d,KaikyBraga,2025-04-03,12:58:03,-03:00,2025-04-03T12:58:03-03:00,0,0
src\routes\projects\+page.svelte,20,js,9d924d1d,KaikyBraga,2025-04-03,12:58:03,-03:00,2025-04-03T12:58:03-03:00,3,10
src\routes\projects\+page.svelte,21,js,9d924d1d,KaikyBraga,2025-04-03,12:58:03,-03:00,2025-04-03T12:58:03-03:00,1,1
src\routes\projects\+page.svelte,22,js,9d924d1d,KaikyBraga,2025-04-03,12:58:03,-03:00,2025-04-03T12:58:03-03:00,0,0
src\routes\projects\+page.svelte,23,js,9d924d1d,KaikyBraga,2025-04-03,12:58:03,-03:00,2025-04-03T12:58:03-03:00,1,0
src\routes\projects\+page.svelte,24,js,9d924d1d,KaikyBraga,2025-04-03,12:58:03,-03:00,2025-04-03T12:58:03-03:00,1,67
src\routes\projects\+page.svelte,25,js,9d924d1d,KaikyBraga,2025-04-03,12:58:03,-03:00,2025-04-03T12:58:03-03:00,1,50
src\routes\projects\+page.svelte,26,js,9d924d1d,KaikyBraga,2025-04-03,12:58:03,-03:00,2025-04-03T12:58:03-03:00,1,40
src\routes\projects\+page.svelte,27,js,9d924d1d,KaikyBraga,2025-04-03,12:58:03,-03:00,2025-04-03T12:58:03-03:00,1,4
src\routes\projects\+page.svelte,28,js,9d924d1d,KaikyBraga,2025-04-03,12:58:03,-03:00,2025-04-03T12:58:03-03:00,0,0
src\routes\projects\+page.svelte,29,js,9d924d1d,KaikyBraga,2025-04-03,12:58:03,-03:00,2025-04-03T12:58:03-03:00,1,10
src\routes\projects\+page.svelte,30,js,9d924d1d,KaikyBraga,2025-04-03,12:58:03,-03:00,2025-04-03T12:58:03-03:00,0,0
src\routes\projects\+page.svelte,31,js,9d924d1d,KaikyBraga,2025-04-03,12:58:03,-03:00,2025-04-03T12:58:03-03:00,1,2
src\routes\projects\+page.svelte,32,js,9d924d1d,KaikyBraga,2025-04-03,12:58:03,-03:00,2025-04-03T12:58:03-03:00,3,51
src\routes\projects\+page.svelte,33,js,9d924d1d,KaikyBraga,2025-04-03,12:58:03,-03:00,2025-04-03T12:58:03-03:00,3,11
src\routes\projects\+page.svelte,34,js,9d924d1d,KaikyBraga,2025-04-03,12:58:03,-03:00,2025-04-03T12:58:03-03:00,3,0
src\routes\projects\+page.svelte,35,js,9d924d1d,KaikyBraga,2025-04-03,12:58:03,-03:00,2025-04-03T12:58:03-03:00,3,64
src\routes\projects\+page.svelte,36,js,9d924d1d,KaikyBraga,2025-04-03,12:58:03,-03:00,2025-04-03T12:58:03-03:00,3,72
src\routes\projects\+page.svelte,37,js,9d924d1d,KaikyBraga,2025-04-03,12:58:03,-03:00,2025-04-03T12:58:03-03:00,0,0
src\routes\projects\+page.svelte,38,js,9d924d1d,KaikyBraga,2025-04-03,12:58:03,-03:00,2025-04-03T12:58:03-03:00,3,61
src\routes\projects\+page.svelte,39,js,9d924d1d,KaikyBraga,2025-04-03,12:58:03,-03:00,2025-04-03T12:58:03-03:00,3,43
src\routes\projects\+page.svelte,40,js,9d924d1d,KaikyBraga,2025-04-03,12:58:03,-03:00,2025-04-03T12:58:03-03:00,5,35
src\routes\projects\+page.svelte,41,js,9d924d1d,KaikyBraga,2025-04-03,12:58:03,-03:00,2025-04-03T12:58:03-03:00,3,1
src\routes\projects\+page.svelte,42,js,9d924d1d,KaikyBraga,2025-04-03,12:58:03,-03:00,2025-04-03T12:58:03-03:00,1,0
src\routes\projects\+page.svelte,43,js,9d924d1d,KaikyBraga,2025-04-03,12:58:03,-03:00,2025-04-03T12:58:03-03:00,0,0
src\routes\projects\+page.svelte,44,js,9d924d1d,KaikyBraga,2025-04-03,12:58:03,-03:00,2025-04-03T12:58:03-03:00,1,25
src\routes\projects\+page.svelte,45,js,9d924d1d,KaikyBraga,2025-04-03,12:58:03,-03:00,2025-04-03T12:58:03-03:00,0,0
src\routes\projects\+page.svelte,46,js,9d924d1d,KaikyBraga,2025-04-03,12:58:03,-03:00,2025-04-03T12:58:03-03:00,1,15
src\routes\projects\+page.svelte,47,js,9d924d1d,KaikyBraga,2025-04-03,12:58:03,-03:00,2025-04-03T12:58:03-03:00,1,81
src\routes\projects\+page.svelte,48,js,9d924d1d,KaikyBraga,2025-04-03,12:58:03,-03:00,2025-04-03T12:58:03-03:00,0,0
src\routes\projects\+page.svelte,49,svelte,9d924d1d,KaikyBraga,2025-04-03,12:58:03,-03:00,2025-04-03T12:58:03-03:00,0,7
src\routes\projects\+page.svelte,50,svelte,9d924d1d,KaikyBraga,2025-04-03,12:58:03,-03:00,2025-04-03T12:58:03-03:00,0,0
src\routes\projects\+page.svelte,51,svelte,9d924d1d,KaikyBraga,2025-04-03,12:58:03,-03:00,2025-04-03T12:58:03-03:00,0,0
src\routes\projects\+page.svelte,52,svelte,9d924d1d,KaikyBraga,2025-04-03,12:58:03,-03:00,2025-04-03T12:58:03-03:00,0,11
src\routes\projects\+page.svelte,53,svelte,9d924d1d,KaikyBraga,2025-04-03,12:58:03,-03:00,2025-04-03T12:58:03-03:00,1,24
src\routes\projects\+page.svelte,54,svelte,9d924d1d,KaikyBraga,2025-04-03,12:58:03,-03:00,2025-04-03T12:58:03-03:00,0,0
src\routes\projects\+page.svelte,55,svelte,9d924d1d,KaikyBraga,2025-04-03,12:58:03,-03:00,2025-04-03T12:58:03-03:00,0,12
src\routes\projects\+page.svelte,56,svelte,9d924d1d,KaikyBraga,2025-04-03,12:58:03,-03:00,2025-04-03T12:58:03-03:00,0,0
src\routes\projects\+page.svelte,57,svelte,9d924d1d,KaikyBraga,2025-04-03,12:58:03,-03:00,2025-04-03T12:58:03-03:00,0,0
src\routes\projects\+page.svelte,58,svelte,9d924d1d,KaikyBraga,2025-04-03,12:58:03,-03:00,2025-04-03T12:58:03-03:00,0,0
src\routes\projects\+page.svelte,59,svelte,9d924d1d,KaikyBraga,2025-04-03,12:58:03,-03:00,2025-04-03T12:58:03-03:00,0,17
src\routes\projects\+page.svelte,60,svelte,9d924d1d,KaikyBraga,2025-04-03,12:58:03,-03:00,2025-04-03T12:58:03-03:00,0,0
src\routes\projects\+page.svelte,61,svelte,9d924d1d,KaikyBraga,2025-04-03,12:58:03,-03:00,2025-04-03T12:58:03-03:00,0,59
src\routes\projects\+page.svelte,62,svelte,9d924d1d,KaikyBraga,2025-04-03,12:58:03,-03:00,2025-04-03T12:58:03-03:00,0,0
src\routes\projects\+page.svelte,63,svelte,9d924d1d,KaikyBraga,2025-04-03,12:58:03,-03:00,2025-04-03T12:58:03-03:00,0,105
src\routes\projects\+page.svelte,64,svelte,9d924d1d,KaikyBraga,2025-04-03,12:58:03,-03:00,2025-04-03T12:58:03-03:00,0,0
src\routes\projects\+page.svelte,65,svelte,9d924d1d,KaikyBraga,2025-04-03,12:58:03,-03:00,2025-04-03T12:58:03-03:00,0,0
src\routes\projects\+page.svelte,66,svelte,9d924d1d,KaikyBraga,2025-04-03,12:58:03,-03:00,2025-04-03T12:58:03-03:00,0,41
src\routes\projects\+page.svelte,67,svelte,9d924d1d,KaikyBraga,2025-04-03,12:58:03,-03:00,2025-04-03T12:58:03-03:00,0,20
src\routes\projects\+page.svelte,68,svelte,9d924d1d,KaikyBraga,2025-04-03,12:58:03,-03:00,2025-04-03T12:58:03-03:00,2,25
src\routes\projects\+page.svelte,69,svelte,9d924d1d,KaikyBraga,2025-04-03,12:58:03,-03:00,2025-04-03T12:58:03-03:00,4,17
src\routes\projects\+page.svelte,70,svelte,9d924d1d,KaikyBraga,2025-04-03,12:58:03,-03:00,2025-04-03T12:58:03-03:00,3,12
src\routes\projects\+page.svelte,71,svelte,9d924d1d,KaikyBraga,2025-04-03,12:58:03,-03:00,2025-04-03T12:58:03-03:00,4,16
src\routes\projects\+page.svelte,72,svelte,9d924d1d,KaikyBraga,2025-04-03,12:58:03,-03:00,2025-04-03T12:58:03-03:00,4,26
src\routes\projects\+page.svelte,73,svelte,9d924d1d,KaikyBraga,2025-04-03,12:58:03,-03:00,2025-04-03T12:58:03-03:00,4,1
src\routes\projects\+page.svelte,74,svelte,9d924d1d,KaikyBraga,2025-04-03,12:58:03,-03:00,2025-04-03T12:58:03-03:00,6,13
src\routes\projects\+page.svelte,75,svelte,9d924d1d,KaikyBraga,2025-04-03,12:58:03,-03:00,2025-04-03T12:58:03-03:00,4,2
src\routes\projects\+page.svelte,76,svelte,9d924d1d,KaikyBraga,2025-04-03,12:58:03,-03:00,2025-04-03T12:58:03-03:00,3,12
src\routes\projects\+page.svelte,77,svelte,9d924d1d,KaikyBraga,2025-04-03,12:58:03,-03:00,2025-04-03T12:58:03-03:00,2,5
src\routes\projects\+page.svelte,78,svelte,9d924d1d,KaikyBraga,2025-04-03,12:58:03,-03:00,2025-04-03T12:58:03-03:00,0,4
src\routes\contact\+page.svelte,1,svelte,5d2bbddb,KaikyBraga,2025-03-20,12:53:37,-03:00,2025-03-20T12:53:37-03:00,0,70
src\routes\contact\+page.svelte,2,svelte,5d2bbddb,KaikyBraga,2025-03-20,12:53:37,-03:00,2025-03-20T12:53:37-03:00,1,35
src\routes\contact\+page.svelte,3,svelte,5d2bbddb,KaikyBraga,2025-03-20,12:53:37,-03:00,2025-03-20T12:53:37-03:00,1,88
src\routes\contact\+page.svelte,4,svelte,5d2bbddb,KaikyBraga,2025-03-20,12:53:37,-03:00,2025-03-20T12:53:37-03:00,0,0
src\routes\contact\+page.svelte,5,svelte,5d2bbddb,KaikyBraga,2025-03-20,12:53:37,-03:00,2025-03-20T12:53:37-03:00,1,39
src\routes\contact\+page.svelte,6,svelte,5d2bbddb,KaikyBraga,2025-03-20,12:53:37,-03:00,2025-03-20T12:53:37-03:00,1,84
src\routes\contact\+page.svelte,7,svelte,5d2bbddb,KaikyBraga,2025-03-20,12:53:37,-03:00,2025-03-20T12:53:37-03:00,0,0
src\routes\contact\+page.svelte,8,svelte,5d2bbddb,KaikyBraga,2025-03-20,12:53:37,-03:00,2025-03-20T12:53:37-03:00,1,36
src\routes\contact\+page.svelte,9,svelte,5d2bbddb,KaikyBraga,2025-03-20,12:53:37,-03:00,2025-03-20T12:53:37-03:00,1,94
src\routes\contact\+page.svelte,10,svelte,5d2bbddb,KaikyBraga,2025-03-20,12:53:37,-03:00,2025-03-20T12:53:37-03:00,0,0
src\routes\contact\+page.svelte,11,svelte,5d2bbddb,KaikyBraga,2025-03-20,12:53:37,-03:00,2025-03-20T12:53:37-03:00,1,33
src\routes\contact\+page.svelte,12,svelte,5d2bbddb,KaikyBraga,2025-03-20,12:53:37,-03:00,2025-03-20T12:53:37-03:00,0,5
src\lib\Project.svelte,1,svelte,9d924d1d,KaikyBraga,2025-04-03,12:58:03,-03:00,2025-04-03T12:58:03-03:00,0,6
src\lib\Project.svelte,2,js,9d924d1d,KaikyBraga,2025-04-03,12:58:03,-03:00,2025-04-03T12:58:03-03:00,2,19
src\lib\Project.svelte,3,js,9d924d1d,KaikyBraga,2025-04-03,12:58:03,-03:00,2025-04-03T12:58:03-03:00,2,20
src\lib\Project.svelte,4,svelte,9d924d1d,KaikyBraga,2025-04-03,12:58:03,-03:00,2025-04-03T12:58:03-03:00,0,7
src\lib\Project.svelte,5,svelte,9d924d1d,KaikyBraga,2025-04-03,12:58:03,-03:00,2025-04-03T12:58:03-03:00,0,0
src\lib\Project.svelte,6,svelte,9d924d1d,KaikyBraga,2025-04-03,12:58:03,-03:00,2025-04-03T12:58:03-03:00,0,7
src\lib\Project.svelte,7,svelte,9d924d1d,KaikyBraga,2025-04-03,12:58:03,-03:00,2025-04-03T12:58:03-03:00,2,28
src\lib\Project.svelte,8,svelte,9d924d1d,KaikyBraga,2025-04-03,12:58:03,-03:00,2025-04-03T12:58:03-03:00,2,63
src\lib\Project.svelte,9,svelte,9d924d1d,KaikyBraga,2025-04-03,12:58:03,-03:00,2025-04-03T12:58:03-03:00,2,29
src\lib\Project.svelte,10,svelte,9d924d1d,KaikyBraga,2025-04-03,12:58:03,-03:00,2025-04-03T12:58:03-03:00,2,1
src\lib\Project.svelte,11,svelte,9d924d1d,KaikyBraga,2025-04-03,12:58:03,-03:00,2025-04-03T12:58:03-03:00,4,16
src\lib\Project.svelte,12,svelte,9d924d1d,KaikyBraga,2025-04-03,12:58:03,-03:00,2025-04-03T12:58:03-03:00,4,2
src\lib\Project.svelte,13,svelte,9d924d1d,KaikyBraga,2025-04-03,12:58:03,-03:00,2025-04-03T12:58:03-03:00,4,9
src\lib\Project.svelte,14,svelte,9d924d1d,KaikyBraga,2025-04-03,12:58:03,-03:00,2025-04-03T12:58:03-03:00,2,2
src\lib\Project.svelte,15,svelte,9d924d1d,KaikyBraga,2025-04-03,12:58:03,-03:00,2025-04-03T12:58:03-03:00,0,8
src\lib\Project.svelte,16,svelte,9d924d1d,KaikyBraga,2025-04-03,12:58:03,-03:00,2025-04-03T12:58:03-03:00,0,0
src\lib\Project.svelte,17,svelte,9d924d1d,KaikyBraga,2025-04-03,12:58:03,-03:00,2025-04-03T12:58:03-03:00,0,5
src\lib\Project.svelte,18,css,9d924d1d,KaikyBraga,2025-04-03,12:58:03,-03:00,2025-04-03T12:58:03-03:00,2,6
src\lib\Project.svelte,19,css,9d924d1d,KaikyBraga,2025-04-03,12:58:03,-03:00,2025-04-03T12:58:03-03:00,0,12
src\lib\Project.svelte,20,css,9d924d1d,KaikyBraga,2025-04-03,12:58:03,-03:00,2025-04-03T12:58:03-03:00,0,12
src\lib\Project.svelte,21,css,9d924d1d,KaikyBraga,2025-04-03,12:58:03,-03:00,2025-04-03T12:58:03-03:00,0,26
src\lib\Project.svelte,22,css,9d924d1d,KaikyBraga,2025-04-03,12:58:03,-03:00,2025-04-03T12:58:03-03:00,0,15
src\lib\Project.svelte,23,css,9d924d1d,KaikyBraga,2025-04-03,12:58:03,-03:00,2025-04-03T12:58:03-03:00,2,0
src\lib\Project.svelte,24,css,9d924d1d,KaikyBraga,2025-04-03,12:58:03,-03:00,2025-04-03T12:58:03-03:00,0,0
src\lib\Project.svelte,25,css,9d924d1d,KaikyBraga,2025-04-03,12:58:03,-03:00,2025-04-03T12:58:03-03:00,2,9
src\lib\Project.svelte,26,css,9d924d1d,KaikyBraga,2025-04-03,12:58:03,-03:00,2025-04-03T12:58:03-03:00,4,8
src\lib\Project.svelte,27,css,9d924d1d,KaikyBraga,2025-04-03,12:58:03,-03:00,2025-04-03T12:58:03-03:00,2,0
src\lib\Project.svelte,28,css,9d924d1d,KaikyBraga,2025-04-03,12:58:03,-03:00,2025-04-03T12:58:03-03:00,2,3
src\lib\Project.svelte,29,css,9d924d1d,KaikyBraga,2025-04-03,12:58:03,-03:00,2025-04-03T12:58:03-03:00,4,11
src\lib\Project.svelte,30,css,9d924d1d,KaikyBraga,2025-04-03,12:58:03,-03:00,2025-04-03T12:58:03-03:00,2,0
src\lib\Project.svelte,31,svelte,9d924d1d,KaikyBraga,2025-04-03,12:58:03,-03:00,2025-04-03T12:58:03-03:00,0,6
src\lib\Pie.svelte,1,svelte,9d924d1d,KaikyBraga,2025-04-03,12:58:03,-03:00,2025-04-03T12:58:03-03:00,0,6
src\lib\Pie.svelte,2,js,9d924d1d,KaikyBraga,2025-04-03,12:58:03,-03:00,2025-04-03T12:58:03-03:00,2,19
src\lib\Pie.svelte,3,js,9d924d1d,KaikyBraga,2025-04-03,12:58:03,-03:00,2025-04-03T12:58:03-03:00,2,28
src\lib\Pie.svelte,4,js,9d924d1d,KaikyBraga,2025-04-03,12:58:03,-03:00,2025-04-03T12:58:03-03:00,0,0
src\lib\Pie.svelte,5,js,9d924d1d,KaikyBraga,2025-04-03,12:58:03,-03:00,2025-04-03T12:58:03-03:00,2,23
src\lib\Pie.svelte,6,js,9d924d1d,KaikyBraga,2025-04-03,12:58:03,-03:00,2025-04-03T12:58:03-03:00,0,0
src\lib\Pie.svelte,7,js,9d924d1d,KaikyBraga,2025-04-03,12:58:03,-03:00,2025-04-03T12:58:03-03:00,0,0
src\lib\Pie.svelte,8,js,9d924d1d,KaikyBraga,2025-04-03,12:58:03,-03:00,2025-04-03T12:58:03-03:00,2,57
src\lib\Pie.svelte,9,js,9d924d1d,KaikyBraga,2025-04-03,12:58:03,-03:00,2025-04-03T12:58:03-03:00,2,22
src\lib\Pie.svelte,10,js,9d924d1d,KaikyBraga,2025-04-03,12:58:03,-03:00,2025-04-03T12:58:03-03:00,4,12
src\lib\Pie.svelte,11,js,9d924d1d,KaikyBraga,2025-04-03,12:58:03,-03:00,2025-04-03T12:58:03-03:00,4,19
src\lib\Pie.svelte,12,js,9d924d1d,KaikyBraga,2025-04-03,12:58:03,-03:00,2025-04-03T12:58:03-03:00,2,1
src\lib\Pie.svelte,13,js,9d924d1d,KaikyBraga,2025-04-03,12:58:03,-03:00,2025-04-03T12:58:03-03:00,0,0
src\lib\Pie.svelte,14,js,9d924d1d,KaikyBraga,2025-04-03,12:58:03,-03:00,2025-04-03T12:58:03-03:00,2,19
src\lib\Pie.svelte,15,js,9d924d1d,KaikyBraga,2025-04-03,12:58:03,-03:00,2025-04-03T12:58:03-03:00,2,31
src\lib\Pie.svelte,16,js,9d924d1d,KaikyBraga,2025-04-03,12:58:03,-03:00,2025-04-03T12:58:03-03:00,0,0
src\lib\Pie.svelte,17,js,9d924d1d,KaikyBraga,2025-04-03,12:58:03,-03:00,2025-04-03T12:58:03-03:00,2,31
src\lib\Pie.svelte,18,js,9d924d1d,KaikyBraga,2025-04-03,12:58:03,-03:00,2025-04-03T12:58:03-03:00,2,48
src\lib\Pie.svelte,19,js,9d924d1d,KaikyBraga,2025-04-03,12:58:03,-03:00,2025-04-03T12:58:03-03:00,0,0
src\lib\Pie.svelte,20,js,9d924d1d,KaikyBraga,2025-04-03,12:58:03,-03:00,2025-04-03T12:58:03-03:00,2,10
src\lib\Pie.svelte,21,js,9d924d1d,KaikyBraga,2025-04-03,12:58:03,-03:00,2025-04-03T12:58:03-03:00,2,7
src\lib\Pie.svelte,22,js,9d924d1d,KaikyBraga,2025-04-03,12:58:03,-03:00,2025-04-03T12:58:03-03:00,2,0
src\lib\Pie.svelte,23,js,9d924d1d,KaikyBraga,2025-04-03,12:58:03,-03:00,2025-04-03T12:58:03-03:00,2,2
src\lib\Pie.svelte,24,js,9d924d1d,KaikyBraga,2025-04-03,12:58:03,-03:00,2025-04-03T12:58:03-03:00,4,29
src\lib\Pie.svelte,25,js,9d924d1d,KaikyBraga,2025-04-03,12:58:03,-03:00,2025-04-03T12:58:03-03:00,4,39
src\lib\Pie.svelte,26,js,9d924d1d,KaikyBraga,2025-04-03,12:58:03,-03:00,2025-04-03T12:58:03-03:00,2,0
src\lib\Pie.svelte,27,js,9d924d1d,KaikyBraga,2025-04-03,12:58:03,-03:00,2025-04-03T12:58:03-03:00,0,0
src\lib\Pie.svelte,28,js,9d924d1d,KaikyBraga,2025-04-03,12:58:03,-03:00,2025-04-03T12:58:03-03:00,2,33
src\lib\Pie.svelte,29,js,9d924d1d,KaikyBraga,2025-04-03,12:58:03,-03:00,2025-04-03T12:58:03-03:00,2,47
src\lib\Pie.svelte,30,js,9d924d1d,KaikyBraga,2025-04-03,12:58:03,-03:00,2025-04-03T12:58:03-03:00,2,0
src\lib\Pie.svelte,31,js,9d924d1d,KaikyBraga,2025-04-03,12:58:03,-03:00,2025-04-03T12:58:03-03:00,0,0
src\lib\Pie.svelte,32,js,9d924d1d,KaikyBraga,2025-04-03,12:58:03,-03:00,2025-04-03T12:58:03-03:00,0,0
src\lib\Pie.svelte,33,svelte,9d924d1d,KaikyBraga,2025-04-03,12:58:03,-03:00,2025-04-03T12:58:03-03:00,0,7
src\lib\Pie.svelte,34,svelte,9d924d1d,KaikyBraga,2025-04-03,12:58:03,-03:00,2025-04-03T12:58:03-03:00,0,0
src\lib\Pie.svelte,35,svelte,9d924d1d,KaikyBraga,2025-04-03,12:58:03,-03:00,2025-04-03T12:58:03-03:00,0,0
src\lib\Pie.svelte,36,svelte,9d924d1d,KaikyBraga,2025-04-03,12:58:03,-03:00,2025-04-03T12:58:03-03:00,0,21
src\lib\Pie.svelte,37,svelte,9d924d1d,KaikyBraga,2025-04-03,12:58:03,-03:00,2025-04-03T12:58:03-03:00,2,29
src\lib\Pie.svelte,38,svelte,9d924d1d,KaikyBraga,2025-04-03,12:58:03,-03:00,2025-04-03T12:58:03-03:00,4,24
src\lib\Pie.svelte,39,svelte,9d924d1d,KaikyBraga,2025-04-03,12:58:03,-03:00,2025-04-03T12:58:03-03:00,4,34
src\lib\Pie.svelte,40,svelte,9d924d1d,KaikyBraga,2025-04-03,12:58:03,-03:00,2025-04-03T12:58:03-03:00,6,38
src\lib\Pie.svelte,41,svelte,9d924d1d,KaikyBraga,2025-04-03,12:58:03,-03:00,2025-04-03T12:58:03-03:00,6,69
src\lib\Pie.svelte,42,svelte,9d924d1d,KaikyBraga,2025-04-03,12:58:03,-03:00,2025-04-03T12:58:03-03:00,4,5
src\lib\Pie.svelte,43,svelte,9d924d1d,KaikyBraga,2025-04-03,12:58:03,-03:00,2025-04-03T12:58:03-03:00,0,0
src\lib\Pie.svelte,44,svelte,9d924d1d,KaikyBraga,2025-04-03,12:58:03,-03:00,2025-04-03T12:58:03-03:00,2,4
src\lib\Pie.svelte,45,svelte,9d924d1d,KaikyBraga,2025-04-03,12:58:03,-03:00,2025-04-03T12:58:03-03:00,0,0
src\lib\Pie.svelte,46,svelte,9d924d1d,KaikyBraga,2025-04-03,12:58:03,-03:00,2025-04-03T12:58:03-03:00,2,17
src\lib\Pie.svelte,47,svelte,9d924d1d,KaikyBraga,2025-04-03,12:58:03,-03:00,2025-04-03T12:58:03-03:00,4,22
src\lib\Pie.svelte,48,svelte,9d924d1d,KaikyBraga,2025-04-03,12:58:03,-03:00,2025-04-03T12:58:03-03:00,6,37
src\lib\Pie.svelte,49,svelte,9d924d1d,KaikyBraga,2025-04-03,12:58:03,-03:00,2025-04-03T12:58:03-03:00,8,26
src\lib\Pie.svelte,50,svelte,9d924d1d,KaikyBraga,2025-04-03,12:58:03,-03:00,2025-04-03T12:58:03-03:00,8,28
src\lib\Pie.svelte,51,svelte,9d924d1d,KaikyBraga,2025-04-03,12:58:03,-03:00,2025-04-03T12:58:03-03:00,6,3
src\lib\Pie.svelte,52,svelte,9d924d1d,KaikyBraga,2025-04-03,12:58:03,-03:00,2025-04-03T12:58:03-03:00,4,5
src\lib\Pie.svelte,53,svelte,9d924d1d,KaikyBraga,2025-04-03,12:58:03,-03:00,2025-04-03T12:58:03-03:00,2,3
src\lib\Pie.svelte,54,svelte,9d924d1d,KaikyBraga,2025-04-03,12:58:03,-03:00,2025-04-03T12:58:03-03:00,0,4
src\lib\Pie.svelte,55,svelte,9d924d1d,KaikyBraga,2025-04-03,12:58:03,-03:00,2025-04-03T12:58:03-03:00,0,0
src\lib\Pie.svelte,56,svelte,9d924d1d,KaikyBraga,2025-04-03,12:58:03,-03:00,2025-04-03T12:58:03-03:00,0,0
src\lib\Pie.svelte,57,svelte,9d924d1d,KaikyBraga,2025-04-03,12:58:03,-03:00,2025-04-03T12:58:03-03:00,0,5
src\lib\Pie.svelte,58,css,9d924d1d,KaikyBraga,2025-04-03,12:58:03,-03:00,2025-04-03T12:58:03-03:00,2,3
src\lib\Pie.svelte,59,css,9d924d1d,KaikyBraga,2025-04-03,12:58:03,-03:00,2025-04-03T12:58:03-03:00,4,14
src\lib\Pie.svelte,60,css,9d924d1d,KaikyBraga,2025-04-03,12:58:03,-03:00,2025-04-03T12:58:03-03:00,4,16
src\lib\Pie.svelte,61,css,9d924d1d,KaikyBraga,2025-04-03,12:58:03,-03:00,2025-04-03T12:58:03-03:00,0,0
src\lib\Pie.svelte,62,css,9d924d1d,KaikyBraga,2025-04-03,12:58:03,-03:00,2025-04-03T12:58:03-03:00,4,42
src\lib\Pie.svelte,63,css,9d924d1d,KaikyBraga,2025-04-03,12:58:03,-03:00,2025-04-03T12:58:03-03:00,4,16
src\lib\Pie.svelte,64,css,9d924d1d,KaikyBraga,2025-04-03,12:58:03,-03:00,2025-04-03T12:58:03-03:00,2,0
src\lib\Pie.svelte,65,css,9d924d1d,KaikyBraga,2025-04-03,12:58:03,-03:00,2025-04-03T12:58:03-03:00,0,0
src\lib\Pie.svelte,66,css,9d924d1d,KaikyBraga,2025-04-03,12:58:03,-03:00,2025-04-03T12:58:03-03:00,2,36
src\lib\Pie.svelte,67,css,9d924d1d,KaikyBraga,2025-04-03,12:58:03,-03:00,2025-04-03T12:58:03-03:00,4,11
src\lib\Pie.svelte,68,css,9d924d1d,KaikyBraga,2025-04-03,12:58:03,-03:00,2025-04-03T12:58:03-03:00,2,0
src\lib\Pie.svelte,69,css,9d924d1d,KaikyBraga,2025-04-03,12:58:03,-03:00,2025-04-03T12:58:03-03:00,0,0
src\lib\Pie.svelte,70,css,9d924d1d,KaikyBraga,2025-04-03,12:58:03,-03:00,2025-04-03T12:58:03-03:00,2,4
src\lib\Pie.svelte,71,css,9d924d1d,KaikyBraga,2025-04-03,12:58:03,-03:00,2025-04-03T12:58:03-03:00,4,16
src\lib\Pie.svelte,72,css,9d924d1d,KaikyBraga,2025-04-03,12:58:03,-03:00,2025-04-03T12:58:03-03:00,4,15
src\lib\Pie.svelte,73,css,9d924d1d,KaikyBraga,2025-04-03,12:58:03,-03:00,2025-04-03T12:58:03-03:00,2,0
src\lib\Pie.svelte,74,css,9d924d1d,KaikyBraga,2025-04-03,12:58:03,-03:00,2025-04-03T12:58:03-03:00,0,0
src\lib\Pie.svelte,75,css,9d924d1d,KaikyBraga,2025-04-03,12:58:03,-03:00,2025-04-03T12:58:03-03:00,2,9
src\lib\Pie.svelte,76,css,9d924d1d,KaikyBraga,2025-04-03,12:58:03,-03:00,2025-04-03T12:58:03-03:00,4,12
src\lib\Pie.svelte,77,css,9d924d1d,KaikyBraga,2025-04-03,12:58:03,-03:00,2025-04-03T12:58:03-03:00,4,18
src\lib\Pie.svelte,78,css,9d924d1d,KaikyBraga,2025-04-03,12:58:03,-03:00,2025-04-03T12:58:03-03:00,4,9
src\lib\Pie.svelte,79,css,9d924d1d,KaikyBraga,2025-04-03,12:58:03,-03:00,2025-04-03T12:58:03-03:00,2,0
src\lib\Pie.svelte,80,css,9d924d1d,KaikyBraga,2025-04-03,12:58:03,-03:00,2025-04-03T12:58:03-03:00,0,0
src\lib\Pie.svelte,81,css,9d924d1d,KaikyBraga,2025-04-03,12:58:03,-03:00,2025-04-03T12:58:03-03:00,2,6
src\lib\Pie.svelte,82,css,9d924d1d,KaikyBraga,2025-04-03,12:58:03,-03:00,2025-04-03T12:58:03-03:00,4,12
src\lib\Pie.svelte,83,css,9d924d1d,KaikyBraga,2025-04-03,12:58:03,-03:00,2025-04-03T12:58:03-03:00,4,57
src\lib\Pie.svelte,84,css,9d924d1d,KaikyBraga,2025-04-03,12:58:03,-03:00,2025-04-03T12:58:03-03:00,4,22
src\lib\Pie.svelte,85,css,9d924d1d,KaikyBraga,2025-04-03,12:58:03,-03:00,2025-04-03T12:58:03-03:00,4,11
src\lib\Pie.svelte,86,css,9d924d1d,KaikyBraga,2025-04-03,12:58:03,-03:00,2025-04-03T12:58:03-03:00,4,10
src\lib\Pie.svelte,87,css,9d924d1d,KaikyBraga,2025-04-03,12:58:03,-03:00,2025-04-03T12:58:03-03:00,4,6
src\lib\Pie.svelte,88,css,9d924d1d,KaikyBraga,2025-04-03,12:58:03,-03:00,2025-04-03T12:58:03-03:00,2,0
src\lib\Pie.svelte,89,css,9d924d1d,KaikyBraga,2025-04-03,12:58:03,-03:00,2025-04-03T12:58:03-03:00,0,0
src\lib\Pie.svelte,90,css,9d924d1d,KaikyBraga,2025-04-03,12:58:03,-03:00,2025-04-03T12:58:03-03:00,2,9
src\lib\Pie.svelte,91,css,9d924d1d,KaikyBraga,2025-04-03,12:58:03,-03:00,2025-04-03T12:58:03-03:00,4,11
src\lib\Pie.svelte,92,css,9d924d1d,KaikyBraga,2025-04-03,12:58:03,-03:00,2025-04-03T12:58:03-03:00,4,18
src\lib\Pie.svelte,93,css,9d924d1d,KaikyBraga,2025-04-03,12:58:03,-03:00,2025-04-03T12:58:03-03:00,4,9
src\lib\Pie.svelte,94,css,9d924d1d,KaikyBraga,2025-04-03,12:58:03,-03:00,2025-04-03T12:58:03-03:00,2,0
src\lib\Pie.svelte,95,css,9d924d1d,KaikyBraga,2025-04-03,12:58:03,-03:00,2025-04-03T12:58:03-03:00,0,0
src\lib\Pie.svelte,96,css,9d924d1d,KaikyBraga,2025-04-03,12:58:03,-03:00,2025-04-03T12:58:03-03:00,2,6
src\lib\Pie.svelte,97,css,9d924d1d,KaikyBraga,2025-04-03,12:58:03,-03:00,2025-04-03T12:58:03-03:00,4,20
src\lib\Pie.svelte,98,css,9d924d1d,KaikyBraga,2025-04-03,12:58:03,-03:00,2025-04-03T12:58:03-03:00,4,29
src\lib\Pie.svelte,99,css,9d924d1d,KaikyBraga,2025-04-03,12:58:03,-03:00,2025-04-03T12:58:03-03:00,4,9
src\lib\Pie.svelte,100,css,9d924d1d,KaikyBraga,2025-04-03,12:58:03,-03:00,2025-04-03T12:58:03-03:00,4,10
src\lib\Pie.svelte,101,css,9d924d1d,KaikyBraga,2025-04-03,12:58:03,-03:00,2025-04-03T12:58:03-03:00,2,0
src\lib\Pie.svelte,102,css,9d924d1d,KaikyBraga,2025-04-03,12:58:03,-03:00,2025-04-03T12:58:03-03:00,0,0
src\lib\Pie.svelte,103,css,9d924d1d,KaikyBraga,2025-04-03,12:58:03,-03:00,2025-04-03T12:58:03-03:00,2,68
src\lib\Pie.svelte,104,css,9d924d1d,KaikyBraga,2025-04-03,12:58:03,-03:00,2025-04-03T12:58:03-03:00,2,38
src\lib\Pie.svelte,105,css,9d924d1d,KaikyBraga,2025-04-03,12:58:03,-03:00,2025-04-03T12:58:03-03:00,2,11
src\lib\Pie.svelte,106,css,9d924d1d,KaikyBraga,2025-04-03,12:58:03,-03:00,2025-04-03T12:58:03-03:00,2,0
src\lib\Pie.svelte,107,css,9d924d1d,KaikyBraga,2025-04-03,12:58:03,-03:00,2025-04-03T12:58:03-03:00,0,0
src\lib\Pie.svelte,108,css,9d924d1d,KaikyBraga,2025-04-03,12:58:03,-03:00,2025-04-03T12:58:03-03:00,2,9
src\lib\Pie.svelte,109,css,9d924d1d,KaikyBraga,2025-04-03,12:58:03,-03:00,2025-04-03T12:58:03-03:00,4,35
src\lib\Pie.svelte,110,css,9d924d1d,KaikyBraga,2025-04-03,12:58:03,-03:00,2025-04-03T12:58:03-03:00,4,0
src\lib\Pie.svelte,111,css,9d924d1d,KaikyBraga,2025-04-03,12:58:03,-03:00,2025-04-03T12:58:03-03:00,4,10
src\lib\Pie.svelte,112,css,9d924d1d,KaikyBraga,2025-04-03,12:58:03,-03:00,2025-04-03T12:58:03-03:00,6,28
src\lib\Pie.svelte,113,css,9d924d1d,KaikyBraga,2025-04-03,12:58:03,-03:00,2025-04-03T12:58:03-03:00,4,0
src\lib\Pie.svelte,114,css,9d924d1d,KaikyBraga,2025-04-03,12:58:03,-03:00,2025-04-03T12:58:03-03:00,4,0
src\lib\Pie.svelte,115,css,9d924d1d,KaikyBraga,2025-04-03,12:58:03,-03:00,2025-04-03T12:58:03-03:00,4,8
src\lib\Pie.svelte,116,css,9d924d1d,KaikyBraga,2025-04-03,12:58:03,-03:00,2025-04-03T12:58:03-03:00,6,18
src\lib\Pie.svelte,117,css,9d924d1d,KaikyBraga,2025-04-03,12:58:03,-03:00,2025-04-03T12:58:03-03:00,4,0
src\lib\Pie.svelte,118,css,9d924d1d,KaikyBraga,2025-04-03,12:58:03,-03:00,2025-04-03T12:58:03-03:00,2,0
src\lib\Pie.svelte,119,css,9d924d1d,KaikyBraga,2025-04-03,12:58:03,-03:00,2025-04-03T12:58:03-03:00,0,0
src\lib\Pie.svelte,120,css,9d924d1d,KaikyBraga,2025-04-03,12:58:03,-03:00,2025-04-03T12:58:03-03:00,2,35
src\lib\Pie.svelte,121,css,9d924d1d,KaikyBraga,2025-04-03,12:58:03,-03:00,2025-04-03T12:58:03-03:00,4,10
src\lib\Pie.svelte,122,css,9d924d1d,KaikyBraga,2025-04-03,12:58:03,-03:00,2025-04-03T12:58:03-03:00,2,0
src\lib\Pie.svelte,123,css,9d924d1d,KaikyBraga,2025-04-03,12:58:03,-03:00,2025-04-03T12:58:03-03:00,0,0
src\lib\Pie.svelte,124,css,9d924d1d,KaikyBraga,2025-04-03,12:58:03,-03:00,2025-04-03T12:58:03-03:00,2,10
src\lib\Pie.svelte,125,css,9d924d1d,KaikyBraga,2025-04-03,12:58:03,-03:00,2025-04-03T12:58:03-03:00,4,23
src\lib\Pie.svelte,126,css,9d924d1d,KaikyBraga,2025-04-03,12:58:03,-03:00,2025-04-03T12:58:03-03:00,2,0
src\lib\Pie.svelte,127,svelte,9d924d1d,KaikyBraga,2025-04-03,12:58:03,-03:00,2025-04-03T12:58:03-03:00,0,6
